customer_id,first_name,last_name,email,gender,contact_number,customer_since,address,city
1,Trix,Lesmonde,tlesmonde0@nps.gov,Female,141-476-8929,11/3/2022,099 Northridge Parkway,Kaytitinga
2,Coraline,Fritschmann,cfritschmann1@boston.com,Female,707-395-1286,7/3/2022,145 Northport Way,Arvika
3,Ernaline,Harbin,eharbin2@yale.edu,Female,649-945-9235,11/12/2022,71407 Donald Alley,Vale de Rolas
4,Romeo,Epgrave,repgrave3@goo.ne.jp,Male,673-513-6958,6/22/2022,633 Blue Bill Park Lane,Nanzhang Chengguanzhen
5,Raimondo,Boydle,rboydle4@squarespace.com,Male,990-965-9182,4/19/2023,5852 Acker Drive,Tianqian
6,Twila,Van Arsdall,tvanarsdall5@webmd.com,Female,100-377-1182,10/23/2022,3068 Atwood Crossing,Karema
7,Corney,Berkery,cberkery6@smugmug.com,Male,352-314-8700,12/19/2023,8 School Plaza,Pampierstad
8,Rickey,McBryde,rmcbryde7@google.pl,Male,549-517-0381,5/10/2022,77 Coleman Street,Pontes e Lacerda
9,Cedric,Roff,croff8@over-blog.com,Male,991-298-3982,7/8/2023,8046 Rigney Road,Lonpao Dajah
10,Freida,Pattillo,fpattillo9@abc.net.au,Female,296-213-7354,6/3/2022,8 Johnson Pass,Nanshao
11,Zachery,Capp,zcappa@e-recht24.de,Male,128-349-8974,5/18/2022,21461 Comanche Court,Sai
12,Glen,Jarmyn,gjarmynb@elegantthemes.com,Female,392-745-8050,10/19/2023,26235 Elka Trail,Klina
13,Berkeley,Rozycki,brozyckic@newsvine.com,Male,787-266-5139,6/24/2023,59 Green Plaza,El Ocotón
14,Julienne,Dearl,jdearld@altervista.org,Female,343-456-6160,3/14/2022,22311 Sage Crossing,Rosso
15,Moll,Statefield,mstatefielde@techcrunch.com,Female,921-720-5503,6/13/2022,882 Village Green Lane,Cikaung
16,Tomi,Bittany,tbittanyf@ifeng.com,Female,632-818-8861,11/15/2022,120 8th Parkway,Sumenep
17,Bernelle,Schurcke,bschurckeg@vistaprint.com,Female,420-664-3397,8/9/2022,0 Linden Trail,Bunawan
18,Noelani,Binns,nbinnsh@google.nl,Female,864-739-0016,8/1/2023,2054 Dennis Terrace,Chuangwang
19,Kristos,Eakins,keakinsi@cisco.com,Male,756-607-3192,3/13/2023,08276 Meadow Vale Avenue,Mañazo
20,Annamarie,Wavell,awavellj@si.edu,Female,752-805-7413,11/23/2023,675 Hoffman Court,Anthoúsa
21,Tanhya,Conrad,tconradk@over-blog.com,Female,387-337-9982,12/13/2022,2404 Hoffman Trail,Shaoyang
22,Merci,Frobisher,mfrobisherl@youtu.be,Female,259-223-5098,9/16/2022,7 Thompson Alley,Esperalvillo
23,Clerkclaude,Tellenbroker,ctellenbrokerm@gravatar.com,Male,376-842-1784,9/21/2023,55475 Bobwhite Way,Nelson
24,Gilles,Dionisi,gdionisin@a8.net,Male,166-969-5645,7/13/2022,27452 Fisk Street,Nempel
25,Mike,Eastmead,meastmeado@tripod.com,Male,582-727-0862,5/21/2022,1 Sycamore Park,San Martín
26,Coralie,Iskowitz,ciskowitzp@naver.com,Female,959-142-8972,10/6/2023,3987 Ohio Trail,Karangdawa Barat
27,Klement,Cherrett,kcherrettq@cargocollective.com,Male,809-488-1974,12/23/2023,365 Badeau Alley,Stockholm
28,Wylma,Ostick,wostickr@parallels.com,Female,333-484-1976,7/29/2022,094 Hazelcrest Park,Scholkine
29,Brandi,Idenden,bidendens@businesswire.com,Female,718-328-7567,7/17/2023,16 Maywood Trail,Espera Feliz
30,Allyn,Aleavy,aaleavyt@51.la,Male,309-236-1310,12/13/2023,7150 Sullivan Way,Malayal
31,Greer,Silberschatz,gsilberschatzu@yahoo.co.jp,Female,102-231-2152,6/28/2023,950 Del Mar Pass,Obsza
32,Dorey,Onge,dongev@lycos.com,Male,480-472-3191,1/20/2022,9 Northwestern Crossing,Casal dos Bernardos
33,Brok,Rookeby,brookebyw@adobe.com,Male,361-445-3729,7/16/2022,486 Namekagon Court,Mao
34,Gayle,Conochie,gconochiex@seattletimes.com,Male,285-192-9377,1/23/2023,99 Helena Alley,Bardaskan
35,Aldon,Shovell,ashovelly@bandcamp.com,Male,981-769-3146,12/30/2022,77117 Loomis Plaza,Kalate
36,Dael,Cromblehome,dcromblehomez@mit.edu,Female,604-348-4580,2/7/2022,853 Kings Street,Jinshan
37,Gabriell,Pendrid,gpendrid10@lycos.com,Female,418-647-9906,1/28/2022,85 Walton Street,Sydney
38,Eleanore,Sieb,esieb11@who.int,Female,624-311-0642,6/3/2022,3485 Forest Street,Tarłów
39,Tann,Storr,tstorr12@ucoz.com,Male,994-336-8716,8/5/2022,17363 Trailsway Terrace,Sadao
40,Lindsey,Altimas,laltimas13@constantcontact.com,Male,986-362-3610,11/7/2022,0 Walton Center,Ambon
41,Olympia,De Miranda,odemiranda14@posterous.com,Female,459-451-9249,6/10/2023,03 Bunker Hill Point,Mujães
42,Lesley,Linck,llinck15@woothemes.com,Male,118-416-2128,3/21/2023,33 Emmet Lane,Lekas
43,Neddy,Hassell,nhassell16@dailymail.co.uk,Male,577-808-6677,6/1/2023,3768 Armistice Avenue,Humaitá
44,Merv,Cockshott,mcockshott17@moonfruit.com,Male,173-990-7639,7/6/2023,93399 8th Terrace,Montepuez
45,Arnie,Aymes,aaymes18@newsvine.com,Male,138-941-5875,8/17/2023,12166 Gerald Road,Phu Kradueng
46,Wittie,Leebetter,wleebetter19@ucsd.edu,Male,967-173-3814,7/8/2022,69382 Elka Circle,Albi
47,Kingston,MacCafferky,kmaccafferky1a@technorati.com,Male,566-962-6810,2/8/2023,1475 Bunting Crossing,Majennang
48,Gilbertina,Ingolotti,gingolotti1b@shareasale.com,Female,878-941-3504,9/7/2022,570 Pond Plaza,Täby
49,Gabie,Truelock,gtruelock1c@wufoo.com,Female,692-438-5120,4/18/2023,59 Marquette Plaza,Nsanje
50,Leupold,Oldershaw,loldershaw1d@canalblog.com,Male,169-668-4789,5/6/2022,429 Sundown Pass,Tambura
51,Rollie,Skeene,rskeene1e@wsj.com,Male,551-359-2611,10/22/2023,00848 Dayton Lane,Oytal
52,Christoper,Whitesel,cwhitesel1f@mysql.com,Male,990-329-0472,6/22/2022,00914 Sutherland Crossing,Qishn
53,Lowell,Gatchell,lgatchell1g@foxnews.com,Male,831-523-7569,3/6/2023,863 Nancy Place,Tigbinan
54,Ringo,McCooke,rmccooke1h@toplist.cz,Male,370-907-5317,11/28/2022,54 Algoma Circle,Ronov nad Doubravou
55,Zandra,Francioli,zfrancioli1i@dropbox.com,Female,153-896-8471,5/6/2022,2 Orin Way,Celje
56,Malvina,Odam,modam1j@about.com,Female,879-390-0731,5/13/2023,8 Mifflin Way,Bouaké
57,Link,Presley,lpresley1k@globo.com,Male,320-676-6848,10/5/2023,639 Old Gate Pass,Mzuzu
58,Theadora,Smellie,tsmellie1l@dedecms.com,Female,373-879-1200,6/24/2022,0 Rigney Parkway,Naberera
59,Ora,Yurshev,oyurshev1m@cafepress.com,Female,941-631-3881,6/12/2022,19 Fulton Trail,Vichuga
60,Ellene,Gothard,egothard1n@webmd.com,Female,505-304-0123,1/9/2022,21 Hagan Crossing,Aibura
61,Stu,Wooding,swooding1o@ucsd.edu,Male,620-766-8598,8/12/2022,700 Dapin Center,Zhoukou
62,Burnard,Wybern,bwybern1p@europa.eu,Male,548-402-2721,2/22/2022,73181 Sundown Pass,Rodez
63,Jerrine,Quinane,jquinane1q@miitbeian.gov.cn,Female,807-331-0288,8/27/2022,06 Grayhawk Street,Lieksa
64,Brander,Feld,bfeld1r@opensource.org,Male,857-548-5245,4/1/2023,71 Summerview Street,Karátoulas
65,Ketty,Beefon,kbeefon1s@paginegialle.it,Female,344-745-5814,10/2/2022,7879 Stuart Road,San Vicente de Moravia
66,Zsazsa,Andriessen,zandriessen1t@g.co,Female,727-604-8721,10/25/2022,04 Utah Way,Khvorostyanka
67,Ellary,Marfield,emarfield1u@ebay.co.uk,Male,478-966-7990,7/19/2023,45270 Jenifer Court,Častolovice
68,Elbertine,Wilford,ewilford1v@tmall.com,Female,207-498-1028,11/5/2022,01547 Evergreen Center,Jaguarão
69,Cherin,Poulsum,cpoulsum1w@flickr.com,Female,341-999-2994,7/12/2022,15343 Stang Junction,Hufang
70,Archaimbaud,Lanchester,alanchester1x@4shared.com,Male,556-449-4011,2/8/2023,31 Maple Hill,Katipunan
71,Laurence,Petrina,lpetrina1y@e-recht24.de,Male,163-182-9454,7/4/2022,1138 Granby Park,Santa Praxedes
72,Norean,Odom,nodom1z@aboutads.info,Female,270-503-4602,12/29/2022,61 Kensington Drive,Kopen
73,Eduino,Grewes,egrewes20@biblegateway.com,Male,983-264-8694,4/8/2022,8910 Westport Park,Dziadkowice
74,Car,Bruniges,cbruniges21@smugmug.com,Male,115-955-4753,8/5/2023,87722 Vernon Point,Aiximan
75,Mufinella,Gourdon,mgourdon22@gravatar.com,Female,376-173-7275,11/15/2023,730 Montana Point,Alor Setar
76,Nicola,Bicker,nbicker23@ted.com,Female,779-873-7243,10/16/2022,5 Ridgeview Way,Muaralembu
77,Syman,Redfield,sredfield24@ycombinator.com,Male,568-102-7191,7/21/2022,0 Myrtle Park,Xinyu
78,Nessi,Hubbuck,nhubbuck25@businesswire.com,Female,242-166-1348,9/26/2022,19 Comanche Point,Boucherville
79,Octavius,Hartless,ohartless26@prlog.org,Male,794-383-6756,5/22/2022,0 Forster Park,Pangguang
80,Nina,Giaomozzo,ngiaomozzo27@columbia.edu,Female,156-800-8673,1/3/2023,45 Hoffman Place,Phan Rang-Tháp Chàm
81,Saw,Hunnawill,shunnawill28@huffingtonpost.com,Male,398-263-3798,3/30/2023,1 Old Gate Drive,Datian
82,Kerr,Breffit,kbreffit29@census.gov,Male,885-848-3071,10/1/2023,9827 Graedel Park,Ivanivka
83,Casi,Minghi,cminghi2a@sun.com,Female,746-204-2558,12/24/2023,2282 Hanover Way,Sabangan
84,Halsey,Robet,hrobet2b@illinois.edu,Male,593-117-6072,1/9/2023,77766 Victoria Court,Paccha
85,Jakie,Buy,jbuy2c@mediafire.com,Male,471-988-4570,7/30/2023,4 Carioca Lane,Goodlands
86,Tallie,Toffoloni,ttoffoloni2d@1und1.de,Female,379-720-3115,2/20/2023,10717 Lillian Park,Mỏ Cày
87,Shayne,Megahey,smegahey2e@g.co,Female,138-867-3698,6/15/2022,1 Marcy Point,Quimper
88,Faulkner,Romagnosi,fromagnosi2f@jimdo.com,Male,444-482-8396,12/25/2022,8915 Cottonwood Circle,Yŏnggwang-ŭp
89,Curr,Gidden,cgidden2g@livejournal.com,Male,426-439-2251,4/3/2023,08 Pearson Place,Pavliš
90,John,Klagges,jklagges2h@cafepress.com,Male,322-593-0823,5/9/2023,2839 Russell Junction,Panglanjan
91,Garland,Dall,gdall2i@domainmarket.com,Female,820-713-2486,4/19/2022,09228 Lindbergh Street,Xiaosong
92,Sandro,Ladel,sladel2j@arstechnica.com,Male,481-751-2735,12/17/2023,92 Hauk Circle,Yangchao
93,Mateo,Dugan,mdugan2k@smugmug.com,Male,461-742-1101,9/8/2023,371 Declaration Point,Sarakhs
94,Rachelle,Gorvin,rgorvin2l@oracle.com,Female,805-197-4523,3/23/2022,6 Manley Pass,Simi Valley
95,Paige,Nizet,pnizet2m@mozilla.com,Female,562-386-8858,2/14/2023,4665 Eastlawn Pass,Pasiragung
96,Berte,Raddon,braddon2n@theguardian.com,Female,569-260-7741,8/25/2022,1 Hudson Trail,Waenenda
97,Addi,Rollin,arollin2o@networksolutions.com,Female,747-863-6402,10/12/2022,1535 Coleman Road,Sangpi
98,Michal,Pettigrew,mpettigrew2p@yolasite.com,Female,545-618-2039,10/2/2023,6 Buena Vista Way,Rezh
99,Ninetta,Martinson,nmartinson2q@tinyurl.com,Female,777-217-4549,8/22/2022,2 Porter Center,Saint-Gratien
100,Magnum,Claricoats,mclaricoats2r@netscape.com,Male,666-452-0007,12/10/2022,3919 Tomscot Pass,Murree
101,Amelina,McVittie,amcvittie2s@homestead.com,Female,394-888-3042,1/9/2022,6 Hanson Alley,Yanino Vtoroye
102,Ruy,MacAloren,rmacaloren2t@wired.com,Male,718-289-9352,5/20/2023,79 Barby Junction,Karangasem Laok
103,Atlanta,Shilito,ashilito2u@usnews.com,Female,949-324-9693,7/28/2023,84 Riverside Road,Xinshao
104,Persis,Radborne,pradborne2v@irs.gov,Female,236-352-7658,11/18/2022,6 Kedzie Parkway,Châlons-en-Champagne
105,Aguie,Shakle,ashakle2w@spiegel.de,Male,810-437-1820,2/25/2023,72722 Esch Pass,Bambas
106,Kellia,Rosewarne,krosewarne2x@army.mil,Female,950-604-9378,1/19/2022,8641 Hovde Street,Chum Phae
107,Berenice,Batters,bbatters2y@ca.gov,Female,131-635-2287,11/19/2022,05 Heath Drive,Uruzgān
108,Lionel,Davenport,ldavenport2z@nyu.edu,Male,951-414-2276,5/27/2023,95856 Mccormick Place,Metz
109,Herby,Hambly,hhambly30@vistaprint.com,Male,196-969-8578,3/30/2022,340 Kensington Park,Karangtanjung
110,Renelle,Pavlitschek,rpavlitschek31@artisteer.com,Female,530-639-3915,7/2/2023,108 Cordelia Parkway,Moroto
111,Aggi,Quiney,aquiney32@symantec.com,Female,818-960-5230,8/7/2022,116 Center Street,Kokkónion
112,Lazar,Cancutt,lcancutt33@state.tx.us,Male,159-310-7380,4/2/2023,32 Sachs Parkway,Vogar
113,Jolyn,Varah,jvarah34@deviantart.com,Female,742-809-7912,7/19/2022,261 Summerview Plaza,El Real
114,Celka,Diaper,cdiaper35@foxnews.com,Female,344-110-0113,3/19/2023,49 Northridge Road,Las Parejas
115,Robinett,Rissom,rrissom36@pagesperso-orange.fr,Female,583-771-4642,6/25/2022,2613 Straubel Terrace,Otlja
116,Jaynell,Theuff,jtheuff37@about.com,Female,257-231-4489,1/11/2022,3096 Fallview Hill,Nowy Staw
117,Silvano,Lake,slake38@biglobe.ne.jp,Male,923-536-5986,4/19/2022,5851 Glendale Pass,Bafatá
118,Bennett,Kirsopp,bkirsopp39@accuweather.com,Male,618-188-0976,10/7/2023,26 Menomonie Place,Bassano
119,Juline,Silveston,jsilveston3a@about.me,Female,919-856-2507,2/1/2023,1507 Springs Plaza,Morada Nova
120,Ransom,Guilloux,rguilloux3b@feedburner.com,Male,320-549-1605,10/21/2023,8 Del Mar Parkway,San Luis Jilotepeque
121,Reube,Betham,rbetham3c@pinterest.com,Male,998-391-3892,4/12/2022,19 Waubesa Crossing,Kanda
122,Milli,Brunner,mbrunner3d@webnode.com,Female,263-311-4333,7/2/2022,32 Glacier Hill Alley,Padasono
123,Gayelord,Grogor,ggrogor3e@timesonline.co.uk,Male,671-764-0730,1/29/2022,21848 Beilfuss Court,Andradina
124,Bax,Handrek,bhandrek3f@answers.com,Male,860-589-5522,2/26/2022,44 Shasta Lane,Grojec
125,Demetris,Millott,dmillott3g@arstechnica.com,Female,803-777-3772,10/6/2022,2 Buell Point,Psará
126,Stephine,Pattington,spattington3h@cyberchimps.com,Female,193-272-3470,1/17/2023,6 Hintze Way,Huazangsi
127,Xerxes,Palley,xpalley3i@bbb.org,Male,713-966-8186,10/16/2022,72 Oak Terrace,Houston
128,Binnie,Cofax,bcofax3j@stumbleupon.com,Female,646-772-9213,5/13/2022,922 Saint Paul Terrace,Zhangzhishan
129,Harris,Macconaghy,hmacconaghy3k@google.de,Male,111-360-5166,12/17/2022,39 Lighthouse Bay Avenue,Kambatatamakawu
130,Forrest,Faucherand,ffaucherand3l@auda.org.au,Male,718-505-0969,6/20/2023,6 Harbort Lane,White River
131,Husein,Reast,hreast3m@scribd.com,Male,740-632-0158,5/26/2022,96932 Myrtle Point,Gros Morne
132,Rurik,Tookey,rtookey3n@dmoz.org,Male,667-355-2441,9/12/2023,90248 Hayes Street,Roseau
133,Melvyn,Sevitt,msevitt3o@independent.co.uk,Male,851-463-4364,8/15/2022,7121 Ludington Pass,Emar
134,Teodor,Tyler,ttyler3p@cmu.edu,Male,402-965-7853,9/10/2022,841 Lakewood Gardens Point,Göteborg
135,Devan,Petrosian,dpetrosian3q@furl.net,Female,214-671-8440,1/16/2022,9 Transport Point,Vũ Quang
136,Petronella,Pinare,ppinare3r@usgs.gov,Female,768-760-2561,5/14/2022,709 Jenna Road,Kafr Zībād
137,Friedrick,Vasyukhin,fvasyukhin3s@tripod.com,Male,919-485-7102,6/20/2023,22264 Maryland Junction,La Reforma
138,Dionisio,Creaser,dcreaser3t@odnoklassniki.ru,Male,429-480-5269,12/18/2022,1 Riverside Parkway,Lozova
139,Nicki,Rabbatts,nrabbatts3u@vkontakte.ru,Female,789-266-9238,2/20/2022,5558 Debra Parkway,Banjar Jagasatru
140,Kellia,Spellecy,kspellecy3v@mtv.com,Female,947-112-4981,4/1/2023,331 American Center,Dongxiang
141,Maurizia,Chiommienti,mchiommienti3w@booking.com,Female,630-506-2413,5/27/2023,5329 Dahle Alley,Naperville
142,Eran,Borton,eborton3x@twitpic.com,Female,936-237-6227,2/22/2022,397 Bartelt Avenue,Aizkraukle
143,Benjie,Beretta,bberetta3y@state.tx.us,Male,109-458-7799,3/10/2023,560 Hoepker Park,Selkirk
144,Cecily,Pountain,cpountain3z@cocolog-nifty.com,Female,899-261-9323,12/13/2022,136 Mayer Street,Kérkyra
145,Wells,Lindenfeld,wlindenfeld40@twitpic.com,Male,202-552-2393,2/21/2022,4535 Talmadge Avenue,Laurel
146,Byron,Gookes,bgookes41@acquirethisname.com,Male,911-190-5854,1/11/2023,49 Kings Pass,Perivóli
147,Terrie,Cowell,tcowell42@comsenz.com,Female,166-647-1432,4/11/2023,7863 Jana Place,Beigao
148,Ron,Gilling,rgilling43@hc360.com,Male,106-807-9625,1/14/2022,52 Lake View Lane,Kāshān
149,Brandy,Malan,bmalan44@elpais.com,Male,554-554-5938,7/31/2023,77324 Eggendart Circle,Ostankinskiy
150,Sheba,Jouen,sjouen45@ameblo.jp,Female,425-324-4910,3/1/2023,89642 Becker Drive,Sertãozinho
151,Zach,Duckerin,zduckerin46@cargocollective.com,Male,984-262-4399,12/17/2022,762 Reindahl Point,Mâcon
152,Lelah,Fuller,lfuller47@mlb.com,Female,925-316-7106,4/14/2023,30 Rusk Crossing,Alor Setar
153,Inigo,Leidl,ileidl48@state.tx.us,Male,236-209-0548,1/5/2022,65628 Pennsylvania Way,Despotovac
154,Saloma,Tille,stille49@acquirethisname.com,Female,831-423-0423,5/25/2023,204 Ridgeview Crossing,Municipio de Copacabana
155,Darnell,Dekeyser,ddekeyser4a@theguardian.com,Male,386-661-6567,10/6/2022,9 Laurel Park,Hostomice
156,Jaquenetta,Larsen,jlarsen4b@a8.net,Female,200-331-8334,2/3/2022,78 Randy Center,Sohbatpur
157,Carmine,Dengate,cdengate4c@cyberchimps.com,Female,454-874-6669,4/15/2022,39 Magdeline Point,Canmore
158,Cole,Minucci,cminucci4d@imageshack.us,Male,789-426-8190,11/5/2023,3149 Esker Trail,Duqiao
159,Antoni,Pendrid,apendrid4e@examiner.com,Male,390-780-0242,1/3/2023,36 Jackson Plaza,Mangseng
160,Ulrika,Benner,ubenner4f@ihg.com,Female,161-442-3837,12/18/2023,05655 Susan Pass,Opuzen
161,Aguste,Borrie,aborrie4g@businessinsider.com,Male,488-167-7329,6/27/2023,942 Forster Lane,Qiubin
162,Florri,Habbon,fhabbon4h@cnbc.com,Female,863-683-1036,6/8/2023,2942 Sunbrook Center,Vicente Guerrero
163,Zora,Beecham,zbeecham4i@umn.edu,Female,883-655-4858,5/12/2023,17582 Rockefeller Point,Zhongcun
164,Karlie,Duligal,kduligal4j@ehow.com,Female,187-606-8424,6/28/2023,7 Morningstar Street,Jialai
165,Dorella,Pobjay,dpobjay4k@independent.co.uk,Female,263-248-6419,5/28/2022,1 Oneill Center,Roma
166,Hugo,Kinset,hkinset4l@buzzfeed.com,Male,898-935-9646,11/18/2023,864 Southridge Plaza,Trieste
167,Izzy,Linklater,ilinklater4m@house.gov,Male,856-784-6252,5/1/2023,885 Morrow Parkway,Guinticgan
168,Hymie,Romeril,hromeril4n@dailymail.co.uk,Male,511-304-2947,9/29/2022,1 Corben Trail,Malvas
169,Rasla,Udden,rudden4o@cafepress.com,Female,597-536-6479,10/21/2022,8641 Sundown Plaza,Shuvakish
170,Ashbey,Adrianello,aadrianello4p@ameblo.jp,Male,476-186-9330,12/7/2023,6 Buhler Court,Kraków
171,Marabel,Gosden,mgosden4q@sogou.com,Female,128-544-7926,9/15/2023,0769 Clemons Hill,Lipie
172,Waneta,De Fries,wdefries4r@opensource.org,Female,940-860-5399,12/18/2023,05 Stephen Trail,Araguari
173,Janette,Hurdedge,jhurdedge4s@nbcnews.com,Female,536-326-2811,7/4/2023,39877 Bowman Lane,Nong Yai
174,Riccardo,Matzen,rmatzen4t@elegantthemes.com,Male,381-819-3546,9/9/2023,368 Blackbird Street,La Lima
175,Gilbert,Meier,gmeier4u@phoca.cz,Male,840-583-9051,8/24/2022,1946 Vahlen Junction,Xinzhuang
176,Arman,Reihm,areihm4v@over-blog.com,Male,833-251-3552,6/25/2023,780 Hayes Parkway,Mthatha
177,Dix,Gatch,dgatch4w@japanpost.jp,Female,562-885-3267,5/30/2022,0 Redwing Park,Dongjin
178,Faye,Friary,ffriary4x@1688.com,Female,452-605-9298,10/19/2022,527 Anderson Court,Bousso
179,Brantley,Fencott,bfencott4y@barnesandnoble.com,Male,333-189-0241,7/8/2023,4 Darwin Pass,Wukeshu
180,Nichol,Chittey,nchittey4z@indiegogo.com,Female,192-204-7661,8/9/2023,4516 Paget Circle,Medellín
181,Corey,Suarez,csuarez50@ucla.edu,Female,350-451-5251,5/13/2022,8 Maple Wood Point,Talipan
182,Moll,Franchyonok,mfranchyonok51@elegantthemes.com,Female,774-761-5946,10/15/2022,291 Muir Drive,Monino
183,Wenonah,Barten,wbarten52@weibo.com,Female,631-890-0443,11/6/2023,2 Elmside Road,Corral de Bustos
184,Rochella,O'Hear,rohear53@ucoz.com,Female,925-732-8134,12/25/2023,3608 Grasskamp Hill,Sengkerang Tiga
185,Ephrayim,Skase,eskase54@hc360.com,Male,774-500-8062,8/11/2022,4209 Mockingbird Lane,Dashiren
186,Kelli,Newrick,knewrick55@oracle.com,Female,918-872-3961,1/14/2023,67 3rd Terrace,Podporozh’ye
187,Margette,Greeves,mgreeves56@skype.com,Female,117-673-1300,1/2/2022,1 Hauk Place,Yuanqian
188,Clive,MacColm,cmaccolm57@geocities.jp,Male,105-552-9139,9/29/2023,85 Becker Pass,Saitama
189,Bridget,Shoreson,bshoreson58@comcast.net,Female,298-168-1952,2/21/2022,926 Dixon Lane,Seleuš
190,Judah,Jonas,jjonas59@omniture.com,Male,254-613-2100,5/10/2023,7 Dayton Junction,Rancakole
191,Leia,Gytesham,lgytesham5a@engadget.com,Female,357-615-6259,5/28/2023,64841 Esker Hill,Caicó
192,Lyssa,Peres,lperes5b@yolasite.com,Female,681-332-3457,5/12/2023,47 Caliangt Drive,Karanggeneng
193,Sven,Dinsell,sdinsell5c@time.com,Male,188-948-5491,4/28/2023,6 Dwight Parkway,Nong Phok
194,Samuele,Hares,shares5d@ca.gov,Male,696-673-3664,1/13/2022,12046 Monument Court,Jianyangping
195,Lennard,Kelsall,lkelsall5e@sciencedaily.com,Male,751-997-7585,8/30/2023,28135 Dottie Road,San Ramon
196,Ketti,Kall,kkall5f@comsenz.com,Female,205-122-4715,8/23/2023,75 Buhler Pass,Mala Danylivka
197,Dawna,Perott,dperott5g@devhub.com,Female,779-925-4842,5/23/2023,7561 Saint Paul Lane,Labuhansumbawa
198,Trudie,Duckett,tduckett5h@pbs.org,Female,731-304-4710,3/13/2022,6 Colorado Center,Fajões
199,Melania,Bortol,mbortol5i@yellowpages.com,Female,168-706-7572,1/17/2023,417 Almo Plaza,Dauriya
200,Tamiko,Aery,taery5j@imdb.com,Female,303-525-5170,1/19/2022,592 Sugar Way,Denver
